{
  "properties": [
    {
      "name": "project.name",
      "type": "java.lang.String",
      "description": "Description for project.name."
    },
    {
      "name": "web.client.buffer.size",
      "type": "java.lang.String",
      "description": "Description for web.client.buffer.size."
    },
    {
      "name": "web.client.timeout",
      "type": "java.lang.String",
      "description": "Description for web.client.timeout."
    },
    {
      "name": "spring.datasource-ct.jdbc-url",
      "type": "java.lang.String",
      "description": "Description for spring.datasource-ct.jdbc-url."
    },
    {
      "name": "spring.datasource-ct.username",
      "type": "java.lang.String",
      "description": "Description for spring.datasource-ct.username."
    },
    {
      "name": "spring.datasource-ct.password",
      "type": "java.lang.String",
      "description": "Description for spring.datasource-ct.password."
    },
    {
      "name": "swagger.server.url",
      "type": "java.lang.String",
      "description": "Description for swagger.server.url."
    },
    {
      "name": "jwt.token.aud",
      "type": "java.lang.String",
      "description": "Audience name to defined for scope permissions."
    },
    {
      "name": "jwt.token.secret",
      "type": "java.lang.String",
      "description": "Description for jwt.token.secret."
    },
    {
      "name": "jwt.token.mod",
      "type": "java.lang.String",
      "description": "Description for jwt.token.mod."
    },
    {
      "name": "project.version",
      "type": "java.lang.String",
      "description": "Description for project.version."
    },
    {
      "name": "activemq.wallet.bc.users.admin.queue",
      "type": "java.lang.String",
      "description": "Description for activemq.wallet.bc.users.admin.queue."
    },
    {
      "name": "aws.s3.region",
      "type": "java.lang.String",
      "description": "Description for aws.s3.region."
    },
    {
      "name": "aws.s3.publicbucket.name",
      "type": "java.lang.String",
      "description": "Description for aws.s3.publicbucket.name."
    },
    {
      "name": "aws.s3.privatebucket.name",
      "type": "java.lang.String",
      "description": "Description for aws.s3.privatebucket.name."
    },
    {
      "name": "keypair.public-key-extension",
      "type": "java.lang.String",
      "description": "Description for keypair.public-key-extension."
    },
    {
      "name": "keypair.algorithm",
      "type": "java.lang.String",
      "description": "Description for keypair.algorithm."
    },
    {
      "name": "keypair.private-key-extension",
      "type": "java.lang.String",
      "description": "Description for keypair.private-key-extension."
    },
    {
      "name": "aws.s3.access.key.id",
      "type": "java.lang.String",
      "description": "Description for aws.s3.access.key.id."
    },
    {
      "name": "aws.s3.secret.key.id",
      "type": "java.lang.String",
      "description": "Description for aws.s3.secret.key.id."
    },
    {
      "name": "userpin.length",
      "type": "java.lang.String",
      "description": "Description for userpin.length."
    },
    {
      "name": "activemq.wallet.bc.bridge.gateway.transactions.topic",
      "type": "java.lang.String",
      "description": "Description for activemq.wallet.bc.bridge.gateway.transactions.topic."
    }
  ] }