<?xml version="1.0" encoding="UTF-8" ?>
<configuration>
    <include resource="org/springframework/boot/logging/logback/base.xml" />
    <property resource="application.properties" />
    <property name="HOME_LOG_PATH" value="/tmp/logs/" />
    <contextName>${spring.application.name}</contextName>
    <appender name="FILE" class="ch.qos.logback.core.rolling.RollingFileAppender">
        <file>${HOME_LOG_PATH}/wallet-bc-users-admin.log</file>
        <append>true</append>
        <rollingPolicy class="ch.qos.logback.core.rolling.TimeBasedRollingPolicy">
            <fileNamePattern>${HOME_LOG_PATH}/history/mu.%d{yyyy-MM-dd}.log</fileNamePattern>
            <maxHistory>1</maxHistory>
            <cleanHistoryOnStart>true</cleanHistoryOnStart>
        </rollingPolicy>
        <encoder class="net.logstash.logback.encoder.LoggingEventCompositeJsonEncoder">
            <providers>
                <timestamp>
                    <fieldName>timestamp</fieldName>
                    <timeZone>UTC</timeZone>
                </timestamp>
                <pattern>
                    <pattern>
                        {
                        "level":"%level",
                        "app":"%contextName",
                        "action":"%thread",
                        "logger_name":"%logger"
                        }
                    </pattern>
                </pattern>
                <stackTrace>
                    <fieldName>stacktrace</fieldName>
                </stackTrace>
                <message>
                    <fieldName>message</fieldName>
                </message>
                <mdc />
                <arguments>
                    <includeNonStructuredArguments>false</includeNonStructuredArguments>
                    <nonStructuredArgumentsFieldPrefix>arg</nonStructuredArgumentsFieldPrefix>
                </arguments>
            </providers>
        </encoder>
    </appender>
    <root level="TRACE">
        <appender-ref ref="FILE" />
    </root>
</configuration>